tweetID,retweet_count,favorite_count
8119354,5341,250
1773335,8362,515
8776359,3555,3608
2455378,2900,6142
9274590,5820,7217
8903967,9574,12267
6174100,4209,8655
3209995,4459,9170
5991213,2528,6595
3763544,7694,10990
5916555,1218,2075
8280555,111,3158
5952803,4720,4957
1666012,915,4367
7758824,1406,5281
6341480,1952,5021
7303505,8658,12724
6610417,8543,12764
2707713,93,4394
