tweetID,retweet_count,favorite_count
1666012,915,4367
1773335,8362,515
2455378,2900,6142
2707713,93,4394
3209995,4459,9170
3763544,7694,10990
5916555,1218,2075
5952803,4720,4957
5991213,2528,6595
6174100,4209,8655
6341480,1952,5021
6610417,8543,12764
7303505,8658,12724
7758824,1406,5281
8119354,5341,250
8280555,111,3158
8776359,3555,3608
8903967,9574,12267
9274590,5820,7217